login,password_hash
admin01,be4b810fc3a9bf2d98331f654493490a0703115f30ab4dfc67e18a215b0d801accb0382869f1867a80fad428b7be75038d24a62ae7c15a71c16097dbfcd8b024
dev_ops,d2ec37a433d054b1a33b997d8c2d28de8cd9376074e51874106b50ba119eaf02d3b7e098889b083e30e5b36e863b4557c2176be4b9dfcf04af371d233f3ae325
analyst,4b7e8fa007a4d0ea4c21f872e4d871ecf69a5e705e25febb13927fd1c17f931e57c9e21f073b118512734932913234e6204c53b5db1f053f009714aadaa42d45
ceo_acc,8538059503ff85e373a7361851268440a7a5dabf57a4533282b87abd8c07311afcf0b641e8942fed65b5ff6d6850b48f5ff352dbfd2963b772c83b5913a1dbca
manager,7df246c8178b261d361a82548dac3fe44e48e19b4418611136f99eb55b32b5db3da8c0b670f864e63ac277cb0f500d34bf789da6cc4daaa0dde6221f9ddb54ba
student,4206783463a78dea44bbc7c52360d496e6ccf0f6c731ed014141c839524526c9825c79137e2748d2e63baba3b209d515bb9eff23b471c01813701a6465008ade
tester1,ad9863efd4aa71371dec80b68c292ec08b8b08a6b446158d7c412c57f8826720de5117d07310f0f95b76e83435a22fcace5fef6e147355f37a9cec8f31cfff77
sys_bot,85e8ecb67d781e9c5068ed170c297c3567f505be02121e1118e13b16e4c049bb79238820756326a63f08a6694ce42fd11ec6e42cdb8087bedd34cf070c7e1f5e
auditor,7a1ac57a0b0134e569a04378cdb74244815663af744eaea1d4de174f141c4aa7dc087411974ff4cf8efc3ba6a40cc0c8004986142a15897f1b8a1d201efb60fc
